Datetime,Water Level (m)
2026-02-08 00:00:00,-0.9772381
2026-02-08 01:00:00,-1.1453055
2026-02-08 02:00:00,-1.122044
2026-02-08 03:00:00,-0.8027509
2026-02-08 04:00:00,-0.36903957
2026-02-08 05:00:00,0.0343652
2026-02-08 06:00:00,0.3336758
2026-02-08 07:00:00,0.43605515
2026-02-08 08:00:00,0.28568083
2026-02-08 09:00:00,-0.012414817
2026-02-08 10:00:00,-0.29244336
2026-02-08 11:00:00,-0.526696
2026-02-08 12:00:00,-0.7147657
2026-02-08 13:00:00,-0.84436077
2026-02-08 14:00:00,-0.8353853
2026-02-08 15:00:00,-0.6138348
2026-02-08 16:00:00,-0.2943726
2026-02-08 17:00:00,-0.013027277
2026-02-08 18:00:00,0.17793018
2026-02-08 19:00:00,0.2365756
2026-02-08 20:00:00,0.13954996
2026-02-08 21:00:00,-0.104657605
2026-02-08 22:00:00,-0.40091068
2026-02-08 23:00:00,-0.6690941
2026-02-09 00:00:00,-0.8712971
2026-02-09 01:00:00,-1.0041225
2026-02-09 02:00:00,-1.0214126
2026-02-09 03:00:00,-0.8431068
2026-02-09 04:00:00,-0.5365989
2026-02-09 05:00:00,-0.24170789
2026-02-09 06:00:00,0.014686199
2026-02-09 07:00:00,0.177334
2026-02-09 08:00:00,0.22078714
2026-02-09 09:00:00,0.12401524
2026-02-09 10:00:00,-0.07680566
2026-02-09 11:00:00,-0.29676896
2026-02-09 12:00:00,-0.4812994
2026-02-09 13:00:00,-0.61572146
2026-02-09 14:00:00,-0.69854313
2026-02-09 15:00:00,-0.6675055
2026-02-09 16:00:00,-0.46473014
2026-02-09 17:00:00,-0.21982187
2026-02-09 18:00:00,-0.06033793
2026-02-09 19:00:00,0.003500529
2026-02-09 20:00:00,-0.0035579894
2026-02-09 21:00:00,-0.13395455
2026-02-09 22:00:00,-0.3460086
2026-02-09 23:00:00,-0.54614574
2026-02-10 00:00:00,-0.68478847
2026-02-10 01:00:00,-0.78692317
2026-02-10 02:00:00,-0.8649039
2026-02-10 03:00:00,-0.8682269
2026-02-10 04:00:00,-0.7263736
2026-02-10 05:00:00,-0.4855946
2026-02-10 06:00:00,-0.26002795
2026-02-10 07:00:00,-0.07901195
2026-02-10 08:00:00,0.042286925
2026-02-10 09:00:00,0.08050612
2026-02-10 10:00:00,0.012151121
2026-02-10 11:00:00,-0.13326937
2026-02-10 12:00:00,-0.2794986
2026-02-10 13:00:00,-0.39412227
2026-02-10 14:00:00,-0.4834145
2026-02-10 15:00:00,-0.54757196
2026-02-10 16:00:00,-0.5392556
2026-02-10 17:00:00,-0.43945843
2026-02-10 18:00:00,-0.33335948
2026-02-10 19:00:00,-0.28011322
2026-02-10 20:00:00,-0.24618472
2026-02-10 21:00:00,-0.23128891
2026-02-10 22:00:00,-0.28894988
2026-02-10 23:00:00,-0.4096977
2026-02-11 00:00:00,-0.53229266
2026-02-11 01:00:00,-0.61798745
2026-02-11 02:00:00,-0.7072732
2026-02-11 03:00:00,-0.7905956
2026-02-11 04:00:00,-0.8136659
2026-02-11 05:00:00,-0.71648467
2026-02-11 06:00:00,-0.5386775
2026-02-11 07:00:00,-0.3644898
2026-02-11 08:00:00,-0.21244407
2026-02-11 09:00:00,-0.07420794
2026-02-11 10:00:00,0.021870675
2026-02-11 11:00:00,0.020470621
2026-02-11 12:00:00,-0.0732169
2026-02-11 13:00:00,-0.1785329
2026-02-11 14:00:00,-0.25636798
2026-02-11 15:00:00,-0.35384607
2026-02-11 16:00:00,-0.47144395
2026-02-11 17:00:00,-0.548421
2026-02-11 18:00:00,-0.57355505
2026-02-11 19:00:00,-0.55149424
2026-02-11 20:00:00,-0.46212906
2026-02-11 21:00:00,-0.35789803
2026-02-11 22:00:00,-0.3077713
2026-02-11 23:00:00,-0.32306823
2026-02-12 00:00:00,-0.37172392
2026-02-12 01:00:00,-0.42407778
2026-02-12 02:00:00,-0.49650678
2026-02-12 03:00:00,-0.6013225
2026-02-12 04:00:00,-0.7198062
2026-02-12 05:00:00,-0.80998385
2026-02-12 06:00:00,-0.7967098
2026-02-12 07:00:00,-0.6471515
2026-02-12 08:00:00,-0.46690956
2026-02-12 09:00:00,-0.28115743
2026-02-12 10:00:00,-0.07824412
2026-02-12 11:00:00,0.06868674
2026-02-12 12:00:00,0.109962314
2026-02-12 13:00:00,0.07327792
2026-02-12 14:00:00,-0.010015871
2026-02-12 15:00:00,-0.14874133
2026-02-12 16:00:00,-0.32903707
2026-02-12 17:00:00,-0.5135932
2026-02-12 18:00:00,-0.6636531
2026-02-12 19:00:00,-0.7378929
2026-02-12 20:00:00,-0.70005715
2026-02-12 21:00:00,-0.5802628
2026-02-12 22:00:00,-0.42582574
2026-02-12 23:00:00,-0.28198805
2026-02-13 00:00:00,-0.19101496
2026-02-13 01:00:00,-0.19017865
2026-02-13 02:00:00,-0.265427
2026-02-13 03:00:00,-0.39351586
2026-02-13 04:00:00,-0.5579396
2026-02-13 05:00:00,-0.7377536
2026-02-13 06:00:00,-0.87875336
2026-02-13 07:00:00,-0.89648366
2026-02-13 08:00:00,-0.76091594
2026-02-13 09:00:00,-0.53359014
2026-02-13 10:00:00,-0.26493722
2026-02-13 11:00:00,0.012466036
2026-02-13 12:00:00,0.20577773
2026-02-13 13:00:00,0.2887274
2026-02-13 14:00:00,0.272303
2026-02-13 15:00:00,0.13117816
2026-02-13 16:00:00,-0.10960695
2026-02-13 17:00:00,-0.37831596
2026-02-13 18:00:00,-0.65472984
2026-02-13 19:00:00,-0.85735977
2026-02-13 20:00:00,-0.9267132
2026-02-13 21:00:00,-0.8472292
2026-02-13 22:00:00,-0.63516694
2026-02-13 23:00:00,-0.37068182
2026-02-14 00:00:00,-0.13361205
